Workbook

Sheet Test Cases
A1: Test ID | B1: Requirement Ref | C1: Module / Area | D1: Test Scenario | E1: Preconditions | F1: Test Data | G1: Execution Steps | H1: Expected Result | I1: Priority | J1: Test Type
A2: TL1-001 | B2: Req 1: Tier 1 Per-Tx Limit | C2: Tier 1 Limits | D2: Boundary: Minimum valid transfer amount (1.00) | E2: Tier 1 account active, balance = 10,000 | F2: Recipient Wallet: W-102, Amount = 1.00 | G2: 1. Initiate wallet transfer. 2. Enter amount 1.00. 3. Confirm PIN and submit. | H2: Transfer completes successfully. Balance deducted by 1.00. Remaining daily limit updated to 49,999.00. | I2: High | J2: Functional, Boundary
A3: TL1-002 | B3: Req 1: Tier 1 Per-Tx Limit | C3: Tier 1 Limits | D3: Boundary: Transfer amount zero (0.00) | E3: Tier 1 account active, balance = 10,000 | F3: Recipient Wallet: W-102, Amount = 0.00 | G3: 1. Initiate transfer. 2. Enter amount 0.00. 3. Attempt to submit. | H3: Validation error displayed: 'Amount must be greater than zero'. Submit button disabled or transaction blocked. | I3: Medium | J3: Negative, UI
A4: TL1-003 | B4: Req 1: Tier 1 Per-Tx Limit | C4: Tier 1 Limits | D4: Boundary: Negative transfer amount (-100.00) | E4: Tier 1 account active, balance = 10,000 | F4: Recipient Wallet: W-102, Amount = -100.00 | G4: 1. Attempt API transfer request with amount = -100.00. | H4: API rejects with 400 Bad Request: 'Invalid transfer amount'. No funds debited. | I4: High | J4: Negative, API
A5: TL1-004 | B5: Req 1: Tier 1 Per-Tx Limit | C5: Tier 1 Limits | D5: Boundary: Just below per-transaction limit (19,999.99) | E5: Tier 1 account active, balance = 30,000 | F5: Recipient Wallet: W-102, Amount = 19,999.99 | G5: 1. Initiate transfer. 2. Enter amount 19,999.99. 3. Confirm transfer. | H5: Transfer succeeds. Balance deducted by 19,999.99. Remaining daily limit = 30,000.01. | I5: Critical | J5: Functional, Boundary
A6: TL1-005 | B6: Req 1: Tier 1 Per-Tx Limit | C6: Tier 1 Limits | D6: Boundary: Exactly at per-transaction limit (20,000.00) | E6: Tier 1 account active, balance = 30,000 | F6: Recipient Wallet: W-102, Amount = 20,000.00 | G6: 1. Initiate transfer. 2. Enter amount 20,000.00. 3. Confirm transfer. | H6: Transfer succeeds. Balance debited by 20,000.00. Remaining daily limit = 30,000.00. | I6: Critical | J6: Functional, Boundary
A7: TL1-006 | B7: Req 1 & 7: Tier 1 Per-Tx Limit Exceeded | C7: Tier 1 Limits | D7: Boundary: Just above per-transaction limit (20,000.01) | E7: Tier 1 account active, balance = 30,000, daily limit unused | F7: Recipient Wallet: W-102, Amount = 20,000.01 | G7: 1. Initiate transfer. 2. Enter amount 20,000.01. 3. Attempt to submit. | H7: Transaction rejected immediately. Error: 'Transfer amount exceeds maximum per-transaction limit of 20,000.00 for Tier 1'. No balance change. | I7: Critical | J7: Negative, Boundary
A8: TL1-007 | B8: Req 1: Tier 1 Daily Limit | C8: Tier 1 Limits | D8: Multiple transfers reaching daily limit exactly (20k + 20k + 10k) | E8: Tier 1 account active, balance = 60,000 | F8: Tx1: 20,000, Tx2: 20,000, Tx3: 10,000 | G8: 1. Execute Tx1 (20,000). 2. Execute Tx2 (20,000). 3. Execute Tx3 (10,000). | H8: All 3 transfers succeed. Cumulative daily spent = 50,000.00. Remaining daily limit = 0.00. | I8: Critical | J8: Functional, Boundary
A9: TL1-008 | B9: Req 1 & 7: Tier 1 Daily Limit Exceeded | C9: Tier 1 Limits | D9: Boundary: Just above daily limit by 0.01 on subsequent transfer | E9: Tier 1 account active, spent 40,000 today, remaining limit = 10,000.00 | F9: Recipient: W-102, Amount = 10,000.01 | G9: 1. Initiate transfer of 10,000.01. | H9: Transaction rejected. Error: 'Transfer exceeds daily limit. Remaining daily limit: 10,000.00'. Remaining limit remains 10,000.00. | I9: Critical | J9: Negative, Boundary
A10: TL1-009 | B10: Req 1: Tier 1 Decimal Precision | C10: Tier 1 Limits | D10: Transfer with 3 decimal places (200.555) | E10: Tier 1 account active, balance = 5,000 | F10: Recipient: W-102, Amount = 200.555 | G10: 1. Input amount 200.555 into transfer input field. | H10: System truncates/rounds to 2 decimal places (200.55 or 200.56) or rejects with formatting error before submission. | I10: Low | J10: Validation, UI
A11: TL2-001 | B11: Req 1: Tier 2 Per-Tx Limit | C11: Tier 2 Limits | D11: Boundary: Just below per-transaction limit (199,999.99) | E11: Tier 2 account active, balance = 300,000 | F11: Recipient Bank: B-901, Amount = 199,999.99 | G11: 1. Initiate bank transfer. 2. Enter amount 199,999.99. 3. Submit. | H11: Transfer successful. Remaining daily limit = 300,000.01. | I11: High | J11: Functional, Boundary
A12: TL2-002 | B12: Req 1: Tier 2 Per-Tx Limit | C12: Tier 2 Limits | D12: Boundary: Exactly at per-transaction limit (200,000.00) | E12: Tier 2 account active, balance = 300,000 | F12: Recipient Bank: B-901, Amount = 200,000.00 | G12: 1. Initiate bank transfer. 2. Enter 200,000.00. 3. Submit. | H12: Transfer successful. Daily spent = 200,000.00, remaining daily limit = 300,000.00. | I12: Critical | J12: Functional, Boundary
... A77: PFR-118 | B77: Req 3: Tier 3 Standard Matrix | C77: Pending & Reversals | D77: Systematic BVA Matrix: Tier 3 transfer sequence validation #19 | E77: Tier 3 active user, verified KYC status | F77: Transfer Amount = 19000.00 | G77: 1. Check initial remaining limit. 2. Submit transfer of amount. 3. Verify response and remaining limit deduction. | H77: Transaction processed correctly in accordance with Tier 3 rules. Remaining limit calculated accurately. | I77: Medium | J77: Functional, Regression

Sheet Dashboard & Summary
A1: QA TEST SUITE EXECUTIVE DASHBOARD & MATRIX
A4: Project / Feature: | B4: Digital Wallet & Payment Transfer Engine (Multi-Tier KYC Limits)
A5: Target Coverage: | B5: 100% Functional, Boundary, Exception & Business Rules
A6: Total Executable Test Cases: | B6: =COUNTA('Test Cases'!A2:A77)
A9: Test Case Distribution by Priority | E9: Test Case Distribution by Module
A10: Priority Level | B10: Count | C10: % of Total | E10: Module Area | F10: Count | G10: % of Total
A11: Critical | B11: =COUNTIF('Test Cases'!I2:I77, "Critical") | C11: =B11/B6 | E11: Tier 1 Limits | F11: =COUNTIF('Test Cases'!C2:C77, "Tier 1 Limits") | G11: =F11/B6
A12: High | B12: =COUNTIF('Test Cases'!I2:I77, "High") | C12: =B12/B6 | E12: Tier 2 Limits | F12: =COUNTIF('Test Cases'!C2:C77, "Tier 2 Limits") | G12: =F12/B6
A13: Medium | B13: =COUNTIF('Test Cases'!I2:I77, "Medium") | C13: =B13/B6 | E13: Tier 3 Limits | F13: =COUNTIF('Test Cases'!C2:C77, "Tier 3 Limits") | G13: =F13/B6
A14: Low | B14: =COUNTIF('Test Cases'!I2:I77, "Low") | C14: =B14/B6 | E14: Daily Limit Reset | F14: =COUNTIF('Test Cases'!C2:C77, "Daily Limit Reset") | G14: =F14/B6
E15: Pending & Reversals | F15: =COUNTIF('Test Cases'!C2:C77, "Pending & Reversals") | G15: =F15/B6
E16: Own Bank Account | F16: =COUNTIF('Test Cases'!C2:C77, "Own Bank Account") | G16: =F16/B6
E17: Scheduled Transfers | F17: =COUNTIF('Test Cases'!C2:C77, "Scheduled Transfers") | G17: =F17/B6
E18: KYC Upgrade | F18: =COUNTIF('Test Cases'!C2:C77, "KYC Upgrade") | G18: =F18/B6
E19: Error Handling | F19: =COUNTIF('Test Cases'!C2:C77, "Error Handling") | G19: =F19/B6
E20: State Machine | F20: =COUNTIF('Test Cases'!C2:C77, "State Machine") | G20: =F20/B6
E21: Edge Cases | F21: =COUNTIF('Test Cases'!C2:C77, "Edge Cases") | G21: =F21/B6
E22: Non-Functional | F22: =COUNTIF('Test Cases'!C2:C77, "Non-Functional") | G22: =F22/B6
